{"cameraMode":{"drawMode":0,"name":"Shaded","section":"Shading Mode"},"sceneLighting":true,"audioPlay":false,"sceneViewState":{"m_AlwaysRefresh":false,"showFog":true,"showSkybox":true,"showFlares":true,"showImageEffects":true,"showParticleSystems":true,"showVisualEffectGraphs":true,"m_FxEnabled":true},"in2DMode":false,"pivot":{"x":-17.574552536010743,"y":-60.653038024902347,"z":165.77183532714845},"rotation":{"x":0.20786336064338685,"y":-0.008803056553006173,"z":0.0018719545332714916,"w":0.9781203866004944},"size":101.1076431274414,"orthographic":false}