{"cameraMode":{"drawMode":0,"name":"Shaded","section":"Shading Mode"},"sceneLighting":true,"audioPlay":false,"sceneViewState":{"m_AlwaysRefresh":false,"showFog":true,"showSkybox":true,"showFlares":true,"showImageEffects":true,"showParticleSystems":true,"showVisualEffectGraphs":true,"m_FxEnabled":true},"in2DMode":false,"pivot":{"x":50.85206604003906,"y":5.373306751251221,"z":-0.38546741008758547},"rotation":{"x":0.109281025826931,"y":-0.0026877073105424644,"z":0.000295407633529976,"w":0.9940086007118225},"size":18.051559448242189,"orthographic":true}