{"cameraMode":{"drawMode":0,"name":"Shaded","section":"Shading Mode"},"sceneLighting":true,"audioPlay":false,"sceneViewState":{"m_AlwaysRefresh":false,"showFog":true,"showSkybox":true,"showFlares":true,"showImageEffects":true,"showParticleSystems":true,"showVisualEffectGraphs":true,"m_FxEnabled":true},"in2DMode":false,"pivot":{"x":11.657983779907227,"y":9.059185028076172,"z":-4.230388641357422},"rotation":{"x":-0.001394054968841374,"y":0.9957295656204224,"z":-0.01524541899561882,"w":-0.09106241166591644},"size":21.11050033569336,"orthographic":false}