{"cameraMode":{"drawMode":0,"name":"Shaded","section":"Shading Mode"},"sceneLighting":false,"audioPlay":false,"sceneViewState":{"m_AlwaysRefresh":false,"showFog":true,"showSkybox":false,"showFlares":true,"showImageEffects":true,"showParticleSystems":true,"showVisualEffectGraphs":true,"m_FxEnabled":true},"in2DMode":false,"pivot":{"x":12.978898048400879,"y":2.2049124240875246,"z":-0.04164707660675049},"rotation":{"x":-0.001394054968841374,"y":0.9957295656204224,"z":-0.01524541899561882,"w":-0.09106241166591644},"size":5.202037811279297,"orthographic":false}