{"cameraMode":{"drawMode":0,"name":"Shaded","section":"Shading Mode"},"sceneLighting":true,"audioPlay":false,"sceneViewState":{"m_AlwaysRefresh":false,"showFog":true,"showSkybox":true,"showFlares":true,"showImageEffects":true,"showParticleSystems":true,"showVisualEffectGraphs":true,"m_FxEnabled":true},"in2DMode":false,"pivot":{"x":-13.11296272277832,"y":1.4703855514526368,"z":1.811629056930542},"rotation":{"x":0.45858141779899599,"y":-0.00133293226826936,"z":0.0006879903376102448,"w":0.8886521458625794},"size":11.473807334899903,"orthographic":true}