{"cameraMode":{"drawMode":0,"name":"Shaded","section":"Shading Mode"},"sceneLighting":true,"audioPlay":false,"sceneViewState":{"m_AlwaysRefresh":false,"showFog":true,"showSkybox":true,"showFlares":true,"showImageEffects":true,"showParticleSystems":true,"showVisualEffectGraphs":true,"m_FxEnabled":true},"in2DMode":false,"pivot":{"x":0.14962196350097657,"y":-7.4094390869140629,"z":-2.7745697498321535},"rotation":{"x":0.48221442103385928,"y":-0.5173093676567078,"z":0.48424598574638369,"w":0.5151396989822388},"size":29.451255798339845,"orthographic":false}